{
  "slug": "car-parts",
  "name": "Car Parts",
  "generated_at": "2026-03-04",
  "source": "roic.ai API (DCE Sector Screener v4)",
  "config": {
    "blend_absolute": 0.7,
    "blend_relative": 0.3,
    "hurdle_rate": 0.12,
    "t10_rate": 0.043
  },
  "tickers": [
    {
      "ticker": "ALSN",
      "name": "Allison Transmission",
      "summary": {
        "q_abs": 4.071428571428571,
        "q_rel": 3.37037037037037,
        "quality": 3.861111111111111,
        "q_delta": 0.2380952380952377,
        "v_abs": 4.785714285714286,
        "v_rel": 3.5,
        "valuation": 4.399999999999999,
        "irr": 0.1293790239609937,
        "verdict": "REVIEW",
        "score_10": 8.26
      },
      "quality_metrics": {
        "roic_3yr": 0.2039804448580479,
        "roic_trend": 0.650081346585602,
        "gm_cv": 0.04162743145962053,
        "op_margin": 0.3075968992248062,
        "fcf_conv": 0.8180954276741654,
        "rev_cagr_5y": 0.03632876941835961,
        "eps_cagr_5y": 0.1109740280026346,
        "fcfps_cagr_5y": 0.06449384199431396,
        "nd_ebitda": 1.454627133872417,
        "gw_pct_ta": 0.3888680659670165,
        "capex_rev": 0.04861260938613757,
        "fcf_cv": 0.3284093744682329
      },
      "valuation_metrics": {
        "ev_ebit": 11.11773478689516,
        "pe": 12.86428578467852,
        "ev_ebitda": 9.909068201796945,
        "fcf_yield": 0.108097823165715,
        "earn_yield": 0.08994638019057019,
        "ey_spread": 0.04694638019057019,
        "peg": 1.159215900892876,
        "base_irr": 0.1725916651600289,
        "full_irr": 0.1293790239609937,
        "mkt_cap_m": 9403.7929086
      }
    },
    {
      "ticker": "ALV",
      "name": "Autoliv",
      "summary": {
        "q_abs": 3.692307692307693,
        "q_rel": 3.08,
        "quality": 3.508615384615385,
        "q_delta": 0.4423076923076925,
        "v_abs": 4.857142857142857,
        "v_rel": 3.928571428571428,
        "valuation": 4.578571428571427,
        "irr": 0.6902194150921654,
        "verdict": "REVIEW",
        "score_10": 8.09
      },
      "quality_metrics": {
        "roic_3yr": 0.1247464424046935,
        "roic_trend": 0.1573672483705716,
        "gm_cv": 0.08842374258426447,
        "op_margin": 0.09432146294513956,
        "fcf_conv": 1.591804536494485,
        "rev_cagr_5y": 0.03980094264501788,
        "eps_cagr_5y": 0.08710063013169922,
        "fcfps_cagr_5y": 0.4887985065620042,
        "nd_ebitda": 1.15508412582297,
        "gw_pct_ta": 0.1752947206560738,
        "capex_rev": null,
        "fcf_cv": 0.6970426139714992
      },
      "valuation_metrics": {
        "ev_ebit": 9.459140816326531,
        "pe": 11.64389783281734,
        "ev_ebitda": 6.781242136064375,
        "fcf_yield": 0.1514209085301612,
        "earn_yield": 0.105717846833826,
        "ey_spread": 0.062717846833826,
        "peg": 1.336832789293413,
        "base_irr": 0.6402194150921654,
        "full_irr": 0.6902194150921654,
        "mkt_cap_m": 7521.958000000001
      }
    },
    {
      "ticker": "APTV",
      "name": "Aptiv",
      "summary": {
        "q_abs": 3.192307692307693,
        "q_rel": 2.615384615384615,
        "quality": 3.019230769230769,
        "q_delta": -0.224358974358974,
        "v_abs": 5,
        "v_rel": 3.857142857142857,
        "valuation": 4.657142857142857,
        "irr": 0.3142938851199187,
        "verdict": "REVIEW",
        "score_10": 7.68
      },
      "quality_metrics": {
        "roic_3yr": 0.08764192895444153,
        "roic_trend": -0.5214855659588362,
        "gm_cv": 0.1361223197000455,
        "op_margin": 0.1032313701618221,
        "fcf_conv": 1.017910239942677,
        "rev_cagr_5y": 0.06546160553898428,
        "eps_cagr_5y": 0.1260160154360768,
        "fcfps_cagr_5y": 0.08706657420258268,
        "nd_ebitda": 2.260420140046682,
        "gw_pct_ta": 0.2141700059681132,
        "capex_rev": null,
        "fcf_cv": 0.2337015747946015
      },
      "valuation_metrics": {
        "ev_ebit": 11.35619773955774,
        "pe": 8.677035478455512,
        "ev_ebitda": 7.705856085361788,
        "fcf_yield": 0.177227310917336,
        "earn_yield": 0.08805764243754216,
        "ey_spread": 0.04505764243754217,
        "peg": 0.6885660880824349,
        "base_irr": 0.2642938851199187,
        "full_irr": 0.3142938851199187,
        "mkt_cap_m": 15505.8624
      }
    },
    {
      "ticker": "BWA",
      "name": "BorgWarner",
      "summary": {
        "q_abs": 3.037037037037037,
        "q_rel": 2.923076923076923,
        "quality": 3.002849002849003,
        "q_delta": -0.2129629629629628,
        "v_abs": 4.666666666666667,
        "v_rel": 4.5,
        "valuation": 4.616666666666666,
        "irr": 0.2113243058027717,
        "verdict": "REVIEW",
        "score_10": 7.62
      },
      "quality_metrics": {
        "roic_3yr": 0.08397221450749731,
        "roic_trend": -0.2719653077442542,
        "gm_cv": 0.07102500826863037,
        "op_margin": 0.09250319466136588,
        "fcf_conv": 1.427544439118385,
        "rev_cagr_5y": 0.06735878588738409,
        "eps_cagr_5y": -0.1605662621056292,
        "fcfps_cagr_5y": 0.05292351297766795,
        "nd_ebitda": 1.046052631578947,
        "gw_pct_ta": 0.1684413635389123,
        "capex_rev": null,
        "fcf_cv": 0.1292257333125612
      },
      "valuation_metrics": {
        "ev_ebit": 7.194562773952417,
        "pe": 20.56661329721894,
        "ev_ebitda": 4.744187902054655,
        "fcf_yield": 0.2084007928251038,
        "earn_yield": 0.1389938529163237,
        "ey_spread": 0.0959938529163237,
        "peg": null,
        "base_irr": 0.2613243058027717,
        "full_irr": 0.2113243058027717,
        "mkt_cap_m": 6951.51529446
      }
    },
    {
      "ticker": "MGA",
      "name": "Magna International",
      "summary": {
        "q_abs": 2.740740740740741,
        "q_rel": 2,
        "quality": 2.518518518518519,
        "q_delta": -0.3425925925925926,
        "v_abs": 5,
        "v_rel": 4.833333333333333,
        "valuation": 4.95,
        "irr": 0.4662056578267121,
        "verdict": "REVIEW",
        "score_10": 7.47
      },
      "quality_metrics": {
        "roic_3yr": 0.0780680754775504,
        "roic_trend": -0.4944546551773632,
        "gm_cv": 0.06326826174470845,
        "op_margin": 0.04939770286674759,
        "fcf_conv": 0.5656260151577769,
        "rev_cagr_5y": 0.0167032778615066,
        "eps_cagr_5y": -0.08848124949787206,
        "fcfps_cagr_5y": -0.08704334096481214,
        "nd_ebitda": 0.9559841740850643,
        "gw_pct_ta": 0.0861496826573021,
        "capex_rev": 0.05160195235479893,
        "fcf_cv": 0.5061936066629166
      },
      "valuation_metrics": {
        "ev_ebit": 8.612652173913043,
        "pe": 11.87846580773043,
        "ev_ebitda": 4.506521266073195,
        "fcf_yield": 0.5032489987915243,
        "earn_yield": 0.1161082532775341,
        "ey_spread": 0.07310825327753406,
        "peg": null,
        "base_irr": 0.4162056578267121,
        "full_irr": 0.4662056578267121,
        "mkt_cap_m": 11985.372
      }
    },
    {
      "ticker": "LKQ",
      "name": "LKQ Corp",
      "summary": {
        "q_abs": 3.25,
        "q_rel": 2.481481481481481,
        "quality": 3.019444444444444,
        "q_delta": -0.5833333333333335,
        "v_abs": 4.642857142857143,
        "v_rel": 3.214285714285714,
        "valuation": 4.214285714285714,
        "irr": 0.2039020834029307,
        "verdict": "REVIEW",
        "score_10": 7.23
      },
      "quality_metrics": {
        "roic_3yr": 0.09806367806515391,
        "roic_trend": 0.04808175586449939,
        "gm_cv": 0.02009068365238222,
        "op_margin": 0.09292929292929292,
        "fcf_conv": 0.9124452050289495,
        "rev_cagr_5y": 0.02795995678435248,
        "eps_cagr_5y": 0.08478625283324126,
        "fcfps_cagr_5y": 0.0360724549328939,
        "nd_ebitda": 2.259195402298851,
        "gw_pct_ta": 0.3642928786359077,
        "capex_rev": 0.02161178592579455,