{
  "slug": "payments",
  "name": "Transaction & Payment Processing",
  "generated_at": "2026-04-29",
  "source": "roic.ai API (DCE Sector Screener)",
  "config": {
    "blend_absolute": 0.7,
    "blend_relative": 0.3,
    "hurdle_rate": 0.12,
    "t10_rate": 0.0435
  },
  "tickers": [
    {
      "ticker": "PYPL",
      "name": "PYPL",
      "summary": {
        "q_abs": 4.148148148148148,
        "q_rel": 3.3989739633642686,
        "quality": 3.9233958927129837,
        "q_delta": -0.2247522554351642,
        "v_abs": 4.857142857142857,
        "v_rel": 4.160244656633167,
        "valuation": 4.6480733969899495,
        "irr": 0.23555765951441576,
        "verdict": "DEEP DIVE",
        "score_10": 8.57
      },
      "quality_metrics": {
        "roic_3yr": 0.14913501545878574,
        "roic_trend": 0.32900367062195046,
        "gm_cv": 0.09571337075581217,
        "op_margin": 0.19281321596527193,
        "fcf_conv": 1.2142052217913424,
        "rev_cagr_5y": 0.09107015446297595,
        "eps_cagr_5y": 0.08836360291603329,
        "fcfps_cagr_5y": 0.04918930899333773,
        "nd_ebitda": 0.26335099877700774,
        "gw_pct_ta": 0.13550696618562358,
        "capex_rev": 0.022696910266289897,
        "fcf_cv": 0.33537861538542596
      },
      "valuation_metrics": {
        "ev_ebit": 8.685337711069419,
        "pe": 10.69872348557233,
        "ev_ebitda": 7.54877293110477,
        "fcf_yield": 0.136368350521078,
        "earn_yield": 0.11513657076632784,
        "ey_spread": 0.07163657076632785,
        "peg": 1.210761346585052,
        "base_irr": 0.18555765951441575,
        "full_irr": 0.23555765951441576,
        "mkt_cap_m": 55986.42
      }
    },
    {
      "ticker": "FISV",
      "name": "FISV",
      "summary": {
        "q_abs": 3.2,
        "q_rel": 2.254002405379543,
        "quality": 2.916200721613863,
        "q_delta": -0.2837992783861374,
        "v_abs": 5.0,
        "v_rel": 4.297371405283181,
        "valuation": 4.789211421584954,
        "irr": 0.3822383402825575,
        "verdict": "REVIEW",
        "score_10": 7.71
      },
      "quality_metrics": {
        "roic_3yr": 0.08305049135927797,
        "roic_trend": -0.44165883558023156,
        "gm_cv": 0.1155415532929443,
        "op_margin": 0.268862360213278,
        "fcf_conv": 1.31637489127635,
        "rev_cagr_5y": 0.07369640630416341,
        "eps_cagr_5y": 0.35226956290488887,
        "fcfps_cagr_5y": 0.12866831654959476,
        "nd_ebitda": 2.944689016819054,
        "gw_pct_ta": 0.4705052849637477,
        "capex_rev": null,
        "fcf_cv": 0.5040735668515145
      },
      "valuation_metrics": {
        "ev_ebit": 11.269003159003159,
        "pe": 10.307120689655173,
        "ev_ebitda": 7.248084433909019,
        "fcf_yield": 0.20357002373296276,
        "earn_yield": 0.08873899367053321,
        "ey_spread": 0.04523899367053321,
        "peg": 0.2925918607517632,
        "base_irr": 0.3322383402825575,
        "full_irr": 0.3822383402825575,
        "mkt_cap_m": 35868.78
      }
    },
    {
      "ticker": "MA",
      "name": "MA",
      "summary": {
        "q_abs": 4.888888888888889,
        "q_rel": 4.293482993039836,
        "quality": 4.710267120134173,
        "q_delta": -0.17862176875471647,
        "v_abs": 2.7333333333333334,
        "v_rel": 2.1216269933696377,
        "valuation": 2.5498214313442245,
        "irr": 0.27318069415700846,
        "verdict": "WATCHLIST",
        "score_10": 7.26
      },
      "quality_metrics": {
        "roic_3yr": 0.5708647339840275,
        "roic_trend": 0.2526983198482018,
        "gm_cv": 0.018995791504864988,
        "op_margin": 0.5951023146595102,
        "fcf_conv": 1.032110999925505,
        "rev_cagr_5y": 0.16468094243124232,
        "eps_cagr_5y": 0.20987793783615682,
        "fcfps_cagr_5y": 0.22507149750972388,
        "nd_ebitda": 0.40828774749479596,
        "gw_pct_ta": 0.17652381040308732,
        "capex_rev": 0.015507628676205842,
        "fcf_cv": 0.4429580210383959
      },
      "valuation_metrics": {
        "ev_ebit": 26.891329302039562,
        "pe": 34.51672902191341,
        "ev_ebitda": 25.403369317906762,
        "fcf_yield": 0.036231170779298334,
        "earn_yield": 0.037186707610030845,
        "ey_spread": -0.0063132923899691515,
        "peg": 1.6446096896977909,
        "base_irr": 0.2613026682890222,
        "full_irr": 0.27318069415700846,
        "mkt_cap_m": 516646.4
      }
    },
    {
      "ticker": "V",
      "name": "V",
      "summary": {
        "q_abs": 4.777777777777778,
        "q_rel": 4.159306638588501,
        "quality": 4.592236436020994,
        "q_delta": -0.1855413417567835,
        "v_abs": 2.8,
        "v_rel": 2.1856194760729766,
        "valuation": 2.6156858428218928,
        "irr": 0.21617148746793102,
        "verdict": "WATCHLIST",
        "score_10": 7.21
      },
      "quality_metrics": {
        "roic_3yr": 0.33276389020465613,
        "roic_trend": 0.855882045893617,
        "gm_cv": 0.01290229441916983,
        "op_margin": 0.6639,
        "fcf_conv": 1.0051038325254087,
        "rev_cagr_5y": 0.12859367600424232,
        "eps_cagr_5y": 0.1752647306031716,
        "fcfps_cagr_5y": 0.19619054838386552,
        "nd_ebitda": 0.2882704493087558,
        "gw_pct_ta": 0.19953426280024492,
        "capex_rev": 0.03482350782075874,
        "fcf_cv": 0.3771445387993405
      },
      "valuation_metrics": {
        "ev_ebit": 25.225145353215847,
        "pe": 33.05214677435437,
        "ev_ebitda": 24.117186059907834,
        "fcf_yield": 0.03775387819935283,
        "earn_yield": 0.03964298266659995,
        "ey_spread": -0.003857017333400048,
        "peg": 1.8858413019325555,
        "base_irr": 0.23394442658321835,
        "full_irr": 0.21617148746793102,
        "mkt_cap_m": 662959.96
      }
    },
    {
      "ticker": "GPN",
      "name": "GPN",
      "summary": {
        "q_abs": 3.076923076923077,
        "q_rel": 2.1053762896796027,
        "quality": 2.7854590407500344,
        "q_delta": -0.29146403617304273,
        "v_abs": 4.071428571428571,
        "v_rel": 3.4060475390580947,
        "valuation": 3.871814261717428,
        "irr": 0.2927328428376724,
        "verdict": "REVIEW",
        "score_10": 6.66
      },
      "quality_metrics": {
        "roic_3yr": 0.03033909419672821,
        "roic_trend": -0.42027512970056413,
        "gm_cv": 0.14127675708280232,
        "op_margin": 0.19100561934668575,
        "fcf_conv": 2.231615141747656,
        "rev_cagr_5y": 0.0074929239477736775,
        "eps_cagr_5y": 0.2435978016464837,
        "fcfps_cagr_5y": 0.07288646517840491,
        "nd_ebitda": 4.665665134524527,
        "gw_pct_ta": 0.3201557809554542,
        "capex_rev": null,
        "fcf_cv": 0.4884198349442
      },
      "valuation_metrics": {
        "ev_ebit": 22.50351567330178,
        "pe": 13.357887361465947,
        "ev_ebitda": 11.47189883220775,
        "fcf_yield": 0.16984637765926752,
        "earn_yield": 0.04443750098951881,
        "ey_spread": 0.0009375009895188135,
        "peg": 0.5483582885879777,
        "base_irr": 0.24273284283767244,
        "full_irr": 0.2927328428376724,
        "mkt_cap_m": 18702.4716
      }
    },
    {
      "ticker": "FIS",
      "name": "FIS",
      "summary": {
        "q_abs": 2.814814814814815,
        "q_rel": 1.7888577099482479,
        "quality": 2.5070276833548446,
        "q_delta": -0.3077871314599703,
        "v_abs": 2.4285714285714284,
        "v_rel": 1.8290899295829424,
        "valuation": 2.2487269788748825,
        "irr": 0.08639183963523288,
        "verdict": "PASS",
        "score_10": 4.76
      },
      "quality_metrics": {
        "roic_3yr": 0.03838616742976727,
        "roic_trend": -0.049794743423768786,
        "gm_cv": 0.04831149613628021,
        "op_margin": 0.16474665168118385,
        "fcf_conv": 1.7719687445995373,
        "rev_cagr_5y": -0.031839717237975185,
        "eps_cagr_5y": 0.2362403162065938,
        "fcfps_cagr_5y": -0.08179169970390932,